{"cameraMode":{"drawMode":0,"name":"Shaded","section":"Shading Mode"},"sceneLighting":true,"audioPlay":false,"sceneViewState":{"m_AlwaysRefresh":false,"showFog":true,"showSkybox":true,"showFlares":true,"showImageEffects":true,"showParticleSystems":true,"showVisualEffectGraphs":true,"m_FxEnabled":true},"in2DMode":false,"pivot":{"x":229.37477111816407,"y":35.93503189086914,"z":317.75494384765627},"rotation":{"x":0.0003048809594474733,"y":-0.1934642791748047,"z":0.00005265108484309167,"w":0.9811164140701294},"size":19.234838485717775,"orthographic":false}